time1sec,countTime,totalDistance
211500,0,0.0
211501,1,6.2116536222968755
211502,2,6.2116536222968755
211503,3,6.2116536222968755
211504,4,6.2116536222968755
211505,5,6.2116536222968755
211506,6,6.944399479371874
211507,7,8.70345843726875
211508,8,9.6144038485625
211509,9,11.55178109446875
211510,10,11.870388233906251
211511,11,13.69900630265625
211512,12,14.858222668125
211513,13,14.945652499906249
211514,14,17.05117974046875
211515,15,18.2803681611875
211516,16,18.945516105875
211517,17,20.88305202553125
211518,18,22.39643564009375
211519,19,23.8282159593125
211520,20,25.08622472121875
211521,21,25.519907393656247
211522,22,26.77770550909375
211523,23,28.888982341437497
211524,24,30.28650112203125
211525,25,31.29879166134375
211526,26,32.73023332515625
211527,27,33.193051475749996
211528,28,33.713611559125
211529,29,35.2027686394375
211530,30,36.3159870089375
211531,31,37.51138224103125
211532,32,37.94523418565625
211533,33,39.25604138553125
211534,34,41.2515195484375
211535,35,41.352818747875
211536,36,41.78660246884375
211537,37,43.131431763406255
211538,38,43.594250872906244
211539,39,44.59168070709375
211540,40,44.703336992375
211541,41,44.703336992375
211542,42,44.703336992375
211543,43,44.703336992375
211544,44,44.703336992375
211545,45,44.703336992375
211546,46,44.703336992375
211547,47,44.703336992375
211548,48,44.703336992375
211549,49,44.703336992375
211550,50,44.703336992375
211551,51,44.703336992375
211552,52,44.703336992375
211553,53,44.703336992375
211554,54,44.703336992375
211555,55,44.703336992375
211556,56,44.703336992375
211557,57,44.703336992375
211558,58,44.703336992375
211559,59,44.703336992375
211600,60,44.703336992375
211601,61,44.703336992375
211602,62,44.703336992375
211603,63,44.703336992375
211604,64,44.703336992375
211605,65,44.703336992375
211606,66,44.703336992375
211607,67,44.703336992375
211608,68,44.703336992375
211609,69,44.703336992375
211610,70,44.703336992375
211611,71,44.703336992375
211612,72,44.703336992375
211613,73,44.703336992375
211614,74,44.703336992375
211615,75,44.703336992375
211616,76,44.703336992375
211617,77,44.703336992375
211618,78,44.703336992375
211619,79,44.703336992375
211620,80,44.703336992375
211621,81,44.703336992375
211622,82,44.703336992375
211623,83,44.703336992375
211624,84,44.703336992375
211625,85,44.703336992375
211626,86,44.703336992375
211627,87,44.703336992375
211628,88,44.703336992375
211629,89,44.703336992375
211630,90,44.703336992375
211631,91,44.703336992375
211632,92,44.703336992375
211633,93,44.703336992375
211634,94,44.703336992375
211635,95,44.703336992375
211636,96,44.703336992375
211637,97,44.703336992375
211638,98,44.703336992375
211639,99,44.703336992375
211640,100,44.703336992375
211641,101,44.703336992375
211642,102,44.703336992375
211643,103,44.703336992375
211644,104,44.703336992375
211645,105,44.703336992375
211646,106,44.703336992375
211647,107,44.703336992375
211648,108,44.703336992375
211649,109,44.703336992375
211650,110,44.703336992375
211651,111,44.703336992375
211652,112,44.703336992375
211653,113,44.703336992375
211654,114,44.703336992375
211655,115,44.703336992375
211656,116,44.703336992375
211657,117,44.703336992375
211658,118,44.703336992375
211659,119,44.703336992375
211700,120,45.61410722865625
211701,121,46.94936007790625
211702,122,48.28455248578125
211703,123,48.4579221200625
211704,124,50.10632790046875
211705,125,50.10632790046875
211706,126,50.10632790046875
211707,127,50.15915895134374
211708,128,50.15915895134374
211709,129,50.15915895134374
211710,130,50.15915895134374
211711,131,50.15915895134374
211712,132,50.15915895134374
211713,133,50.27487549803125
211714,134,50.27487549803125
211715,135,51.981014520500004
211716,136,52.89194383428126
211717,137,53.210056450625
211718,138,54.2077123040625
211719,139,54.4392162555625
211720,140,55.48975626309375
211721,141,55.6053800179375
211722,142,57.311537683562506
211723,143,57.42722143565625
211724,144,58.33824870928125
211725,145,59.335861674374996
211726,146,59.335861674374996
211727,147,60.1839824168125
211728,148,60.415467533375
211729,149,61.326288682531256
211730,150,61.4420790448125
211731,151,62.323967135875
211732,152,62.323967135875
211733,153,62.3528150531875
211734,154,62.3528150531875
211735,155,62.3528150531875
211736,156,64.04941693540624
211737,157,64.13607315190625
211738,158,64.931407367
211739,159,64.931407367
211740,160,65.04708067206249
211741,161,65.84227983278124
211742,162,66.18937014178125
211743,163,66.18937014178125
211744,164,66.18937014178125
211745,165,66.18937014178125
211746,166,66.18937014178125
211747,167,66.18937014178125
211748,168,66.18937014178125
211749,169,66.18937014178125
211750,170,66.18937014178125
211751,171,66.18937014178125
211752,172,66.18937014178125
211753,173,66.18937014178125
211754,174,66.18937014178125
211755,175,66.18937014178125
211756,176,66.18937014178125
211757,177,66.18937014178125
211758,178,66.18937014178125
211759,179,66.18937014178125
211800,180,66.18937014178125
211801,181,66.18937014178125
211802,182,66.18937014178125
211803,183,66.18937014178125
211804,184,66.18937014178125
211805,185,66.18937014178125
211806,186,66.18937014178125
211807,187,66.18937014178125
211808,188,66.18937014178125
211809,189,66.18937014178125
211810,190,66.18937014178125
211811,191,66.18937014178125
211812,192,66.18937014178125
211813,193,66.18937014178125
211814,194,66.18937014178125
211815,195,66.18937014178125
211816,196,66.18937014178125
211817,197,66.18937014178125
211818,198,66.18937014178125
211819,199,66.18937014178125
211820,200,66.18937014178125
211821,201,66.18937014178125
211822,202,66.18937014178125
211823,203,66.18937014178125
211824,204,66.18937014178125
211825,205,66.18937014178125
211826,206,66.18937014178125
211827,207,66.18937014178125
211828,208,66.18937014178125
211829,209,66.18937014178125
211830,210,66.18937014178125
211831,211,66.18937014178125
211832,212,66.18937014178125
211833,213,66.18937014178125
211834,214,66.18937014178125
211835,215,66.18937014178125
211836,216,66.18937014178125
211837,217,66.18937014178125
211838,218,66.18937014178125
211839,219,66.18937014178125
211840,220,66.18937014178125
211841,221,66.18937014178125
211842,222,66.18937014178125
211843,223,66.18937014178125
211844,224,66.18937014178125
211845,225,66.18937014178125
211846,226,66.18937014178125
211847,227,66.18937014178125
211848,228,66.18937014178125
211849,229,66.18937014178125
211850,230,66.18937014178125
211851,231,66.18937014178125
211852,232,66.18937014178125
211853,233,66.18937014178125
211854,234,66.18937014178125
211855,235,66.18937014178125
211856,236,66.18937014178125
211857,237,66.18937014178125
211858,238,66.18937014178125
211859,239,66.18937014178125
211900,240,66.18937014178125
211901,241,66.18937014178125
211902,242,66.18937014178125
211903,243,66.18937014178125
211904,244,66.18937014178125
211905,245,66.18937014178125
211906,246,66.18937014178125
211907,247,66.18937014178125
211908,248,66.18937014178125
211909,249,66.18937014178125
211910,250,66.18937014178125
211911,251,66.18937014178125
211912,252,66.18937014178125
211913,253,66.18937014178125
211914,254,66.18937014178125
211915,255,66.18937014178125
211916,256,66.18937014178125
211917,257,66.18937014178125
211918,258,66.18937014178125
211919,259,66.18937014178125
211920,260,66.18937014178125
211921,261,66.18937014178125
211922,262,66.18937014178125
211923,263,66.18937014178125
211924,264,66.18937014178125
211925,265,66.18937014178125
211926,266,66.18937014178125
211927,267,66.18937014178125
211928,268,66.18937014178125
211929,269,66.18937014178125
211930,270,66.18937014178125
211931,271,66.18937014178125
211932,272,66.18937014178125
211933,273,66.18937014178125
211934,274,66.18937014178125
211935,275,66.18937014178125
211936,276,66.18937014178125
211937,277,66.18937014178125
211938,278,66.18937014178125
211939,279,66.18937014178125
211940,280,66.18937014178125
211941,281,66.18937014178125
211942,282,66.18937014178125
211943,283,66.18937014178125
211944,284,66.18937014178125
211945,285,66.18937014178125
211946,286,66.18937014178125
211947,287,66.18937014178125
211948,288,66.18937014178125
211949,289,66.18937014178125
211950,290,66.18937014178125
211951,291,66.18937014178125
211952,292,66.18937014178125
211953,293,66.18937014178125
211954,294,66.18937014178125
211955,295,66.18937014178125
211956,296,66.18937014178125
211957,297,66.18937014178125
211958,298,66.18937014178125
211959,299,66.98452354753125
212000,300,66.98452354753125
212001,301,67.59475029825
212002,302,68.194225257125
212003,303,68.98941217412501
212004,304,69.19179796834375
212005,305,69.19179796834375
212006,306,69.53888256428125
212007,307,69.53888256428125
212008,308,71.33183174303124
212009,309,71.64985940028126
212010,310,71.99707331734376
212011,311,72.11260942815626
212012,312,73.37066644828126
212013,313,74.00684212065626
212014,314,75.05748919259375
212015,315,76.08414505596875
212016,316,76.43114219965625
212017,317,77.48191485803126
212018,318,78.710887958875
212019,319,79.8532024308125
212020,320,80.9664872171875
212021,321,81.87737134125001
212022,322,84.099254062875
212023,323,85.34273898846874
212024,324,87.75729367296876
212025,325,89.97436014159375
212026,326,91.087705238125
212027,327,93.2565663994375
212028,328,95.59891537265625
212029,329,97.41109929225
212030,330,99.08831569356249
212031,331,99.796734373625
212032,332,100.83781013796875
212033,333,101.136419751875
212034,334,102.72688840656251
212035,335,102.72688840656251
212036,336,102.94381661968751
212037,337,103.7919697025
212038,338,105.06431515249999
212039,339,105.5944622190625
212040,340,106.83778813781251
212041,341,106.83778813781251
212042,342,108.0475073196875
212043,343,108.18188712937501
212044,344,108.18188712937501
212045,345,108.18188712937501
212046,346,108.18188712937501
212047,347,108.18188712937501
212048,348,109.8547403659375
212049,349,110.92995558499999
212050,350,112.9729862015625
212051,351,114.564111555625
212052,352,116.1628823196875
212053,353,116.98308601062499
212054,354,118.16974379999999
212055,355,120.1358939565625
212056,356,121.841100488125
212057,357,122.731402345625
212058,358,124.01803559968751
212059,359,125.70825049
212100,360,126.63520679125
212101,361,127.6368761215625
212102,362,129.490499134375
212103,363,131.166370099375
212104,364,133.13164704562502
212105,365,133.68927202499998
212106,366,134.658485810625
212107,367,136.475131076875
212108,368,136.8843634971875
212109,369,138.25744245250002
212110,370,140.334712179375
212111,371,141.3039294978125
212112,372,142.71885794812502
212113,373,143.720214876875
212114,374,145.574509830625
212115,375,146.1320816159375
212116,376,147.94909702
212117,377,149.43386180500002
212118,378,150.02850924625
212119,379,151.929640815
212120,380,153.7466307828125
212121,381,154.3040801309375
212122,382,156.56718376937502
212123,383,157.79158330125
212124,384,159.39696103031253
212125,385,160.9147473165625
212126,386,161.36082787968752
212127,387,162.6923294675
212128,388,162.6923294675
212129,389,163.9006175575
212130,390,165.483056533125
212131,391,166.0059288321875
212132,392,166.48706811812502
212133,393,167.89511121781248
212134,394,169.3031421040625
212135,395,170.490572771875
212136,396,171.6082919646875
212137,397,172.949065065625
212138,398,174.8032046765625
212139,399,175.24929886624997
212140,400,177.32652407968752
212141,401,178.40223712250003
212142,402,179.44083393249997
212143,403,180.670151139375
212144,404,182.196798930625
212145,405,183.42125549218753
212146,406,183.9788353525
212147,407,185.0175214921875
212148,408,185.76093708093748
212149,409,186.57868980749998
212150,410,188.21206002875
212151,411,189.69680341499998
212152,412,190.1428838771875
212153,413,190.5517049771875
212154,414,191.330200485625
212155,415,191.62750462437504
212156,416,192.4107928471875
212157,417,192.8197164996875
212158,418,193.8954526571875
212159,419,194.56711985218752
212200,420,195.82648433593752
212201,421,196.68147532875
212202,422,196.8301795828125
212203,423,197.7200231840625
212204,424,198.57503618125
212205,425,199.72300159875002
212206,426,200.094720294375
212207,427,200.2434259615625
212208,428,201.2473989884375
212209,429,201.5448325290625
212210,430,201.842105478125
212211,431,202.139544469375
212212,432,202.9227600171875
212213,433,203.36887055875
212214,434,203.926428515625
212215,435,203.99812724812503
212216,436,203.99812724812503
212217,437,203.99812724812503
212218,438,203.99812724812503
212219,439,203.99812724812503
212220,440,203.99812724812503
212221,441,203.99812724812503
212222,442,203.99812724812503
212223,443,203.99812724812503
212224,444,203.99812724812503
212225,445,203.99812724812503
212226,446,203.99812724812503
212227,447,203.99812724812503
212228,448,203.99812724812503
212229,449,203.99812724812503
212230,450,203.99812724812503
212231,451,203.99812724812503
212232,452,203.99812724812503
212233,453,203.99812724812503
212234,454,203.99812724812503
212235,455,203.99812724812503
212236,456,203.99812724812503
212237,457,203.99812724812503
212238,458,203.99812724812503
212239,459,203.99812724812503
212240,460,203.99812724812503
212241,461,203.99812724812503
212242,462,203.99812724812503
212243,463,203.99812724812503
212244,464,203.99812724812503
212245,465,203.99812724812503
212246,466,203.99812724812503
212247,467,203.99812724812503
212248,468,203.99812724812503
212249,469,203.99812724812503
212250,470,203.99812724812503
212251,471,203.99812724812503
212252,472,203.99812724812503
212253,473,203.99812724812503
212254,474,203.99812724812503
212255,475,203.99812724812503
212256,476,203.99812724812503
212257,477,203.99812724812503
212258,478,203.99812724812503
212259,479,203.99812724812503
212300,480,203.99812724812503
212301,481,203.99812724812503
212302,482,203.99812724812503
212303,483,203.99812724812503
212304,484,203.99812724812503
212305,485,203.99812724812503
212306,486,203.99812724812503
212307,487,203.99812724812503
212308,488,203.99812724812503
212309,489,203.99812724812503
212310,490,203.99812724812503
212311,491,203.99812724812503
212312,492,203.99812724812503
212313,493,203.99812724812503
212314,494,203.99812724812503
212315,495,203.99812724812503
212316,496,203.99812724812503
212317,497,203.99812724812503
212318,498,203.99812724812503
212319,499,203.99812724812503
212320,500,203.99812724812503
212321,501,203.99812724812503
212322,502,203.99812724812503
212323,503,203.99812724812503
212324,504,203.99812724812503
212325,505,203.99812724812503
212326,506,203.99812724812503
212327,507,203.99812724812503
212328,508,203.99812724812503
212329,509,203.99812724812503
212330,510,203.99812724812503
212331,511,203.99812724812503
212332,512,203.99812724812503
212333,513,203.99812724812503
212334,514,203.99812724812503
212335,515,203.99812724812503
212336,516,203.99812724812503
212337,517,203.99812724812503
212338,518,203.99812724812503
212339,519,203.99812724812503
212340,520,203.99812724812503
212341,521,203.99812724812503
212342,522,203.99812724812503
212343,523,203.99812724812503
212344,524,203.99812724812503
212345,525,203.99812724812503
212346,526,203.99812724812503
212347,527,203.99812724812503
212348,528,203.99812724812503
212349,529,203.99812724812503
212350,530,203.99812724812503
212351,531,203.99812724812503
212352,532,203.99812724812503
212353,533,203.99812724812503
212354,534,203.99812724812503
212355,535,203.99812724812503
212356,536,203.99812724812503
212357,537,203.99812724812503
212358,538,203.99812724812503
212359,539,203.99812724812503
212400,540,203.99812724812503
212401,541,203.99812724812503
212402,542,203.99812724812503
212403,543,203.99812724812503
212404,544,203.99812724812503
212405,545,203.99812724812503
212406,546,203.99812724812503
212407,547,203.99812724812503
212408,548,203.99812724812503
212409,549,203.99812724812503
212410,550,203.99812724812503
212411,551,203.99812724812503
212412,552,203.99812724812503
212413,553,203.99812724812503
212414,554,203.99812724812503
212415,555,203.99812724812503
212416,556,203.99812724812503
212417,557,203.99812724812503
212418,558,203.99812724812503
212419,559,203.99812724812503
212420,560,203.99812724812503
212421,561,204.0751244928125
212422,562,204.0751244928125
212423,563,204.0751244928125
212424,564,204.0751244928125
212425,565,204.0751244928125
212426,566,204.0751244928125
212427,567,204.0751244928125
212428,568,204.2237814071875
212429,569,204.2237814071875
212430,570,204.52110532968751
212431,571,205.33898079625
212432,572,206.71208952812498
212433,573,208.23179756343748
212434,574,209.01010007937504
212435,575,209.01010007937504
212436,576,209.01010007937504
212437,577,209.71639348
212438,578,210.346069261875
212439,579,211.129297023125
212440,580,211.27804639624998
212441,581,212.7998330375
212442,582,213.09728141593752
212443,583,213.2088112971875
212444,584,214.65886771343747
212445,585,214.80756934312498
212446,586,215.697453925
212447,587,217.40292915218748
212448,588,217.55164713375
212449,589,217.70038641312505
212450,590,217.811808695
212451,591,218.4415752196875
212452,592,218.73894910625
212453,593,219.03635287031247
212454,594,219.8567542978125
212455,595,219.8567542978125
212456,596,220.70941555218752
212457,597,221.00682981375
212458,598,221.15556808374998
212459,599,221.97590329625
212500,600,223.3839904046875
212501,601,224.3110995253125
212502,602,224.60855981437498
212503,603,225.3868734334375
212504,604,226.0979868015625
212505,605,226.0979868015625
212506,606,226.3581744046875
212507,607,226.50690631562503
212508,608,226.50690631562503
212509,609,226.65555475124998
212510,610,227.73136307906248
212511,611,228.5097603753125
212512,612,228.7699181009375
212513,613,229.697010365
212514,614,230.326743479375
212515,615,230.326743479375
212516,616,230.326743479375
212517,617,230.66609515249996
212518,618,230.66609515249996
212519,619,230.66609515249996
212520,620,230.66609515249996
212521,621,230.66609515249996
212522,622,230.66609515249996
212523,623,230.66609515249996
212524,624,230.66609515249996
212525,625,230.66609515249996
212526,626,230.66609515249996
212527,627,230.81478971656247
212528,628,231.4445189953125
212529,629,232.33448311593747
212530,630,232.33448311593747
212531,631,232.445975549375
212532,632,232.445975549375
212533,633,232.7433081525
212534,634,232.7433081525
212535,635,232.8920764009375
212536,636,233.598340226875
212537,637,233.598340226875
212538,638,233.598340226875
212539,639,233.598340226875
212540,640,233.598340226875
212541,641,233.74702106343747
212542,642,234.3421253478125
212543,643,234.3421253478125
212544,644,234.3421253478125
212545,645,234.3421253478125
212546,646,234.3421253478125
212547,647,234.3421253478125
212548,648,234.3421253478125
212549,649,234.3421253478125
212550,650,234.3421253478125
212551,651,234.3421253478125
212552,652,234.3421253478125
212553,653,234.3421253478125
212554,654,234.3421253478125
212555,655,234.3421253478125
212556,656,234.3421253478125
212557,657,234.3421253478125
212558,658,234.3421253478125
212559,659,234.3421253478125
212600,660,234.3421253478125
212601,661,234.3421253478125
212602,662,234.3421253478125
212603,663,234.3421253478125
212604,664,234.3421253478125
212605,665,234.3421253478125
212606,666,234.3421253478125
212607,667,234.3421253478125
212608,668,234.3421253478125
212609,669,234.3421253478125
212610,670,234.3421253478125
212611,671,234.3421253478125
212612,672,234.3421253478125
212613,673,234.3421253478125
212614,674,234.3421253478125
212615,675,234.3421253478125
212616,676,234.3421253478125
212617,677,234.3421253478125
212618,678,234.3421253478125
212619,679,234.3421253478125
212620,680,234.3421253478125
212621,681,234.3421253478125
212622,682,234.3421253478125
212623,683,234.3421253478125
212624,684,234.3421253478125
212625,685,234.3421253478125
212626,686,234.3421253478125
212627,687,234.3421253478125
212628,688,234.3421253478125
212629,689,234.3421253478125
212630,690,234.3421253478125
212631,691,234.3421253478125
212632,692,234.3421253478125
212633,693,234.3421253478125
212634,694,234.3421253478125
212635,695,234.3421253478125
212636,696,234.3421253478125
212637,697,234.3421253478125
212638,698,234.3421253478125
212639,699,234.3421253478125
212640,700,234.3421253478125
212641,701,234.3421253478125
212642,702,234.3421253478125
212643,703,234.3421253478125
212644,704,234.3421253478125
212645,705,234.3421253478125
212646,706,234.3421253478125
212647,707,234.3421253478125
212648,708,234.3421253478125
212649,709,234.3421253478125
212650,710,234.3421253478125
212651,711,234.3421253478125
212652,712,234.3421253478125
212653,713,234.3421253478125
212654,714,234.3421253478125
212655,715,234.3421253478125
212656,716,234.3421253478125
212657,717,234.3421253478125
212658,718,234.3421253478125
212659,719,234.3421253478125
212700,720,234.3421253478125
212701,721,234.3421253478125
212702,722,234.3421253478125
212703,723,234.3421253478125
212704,724,234.3421253478125
212705,725,234.3421253478125
212706,726,234.3421253478125
212707,727,234.3421253478125
212708,728,234.3421253478125
212709,729,234.3421253478125
212710,730,234.3421253478125
212711,731,234.3421253478125
212712,732,234.3421253478125
212713,733,234.3421253478125
212714,734,234.3421253478125
212715,735,234.3421253478125
212716,736,234.3421253478125
212717,737,234.3421253478125
212718,738,234.3421253478125
212719,739,234.3421253478125
212720,740,234.3421253478125
212721,741,234.3421253478125
212722,742,234.3421253478125
212723,743,234.3421253478125
212724,744,234.3421253478125
212725,745,234.3421253478125
212726,746,234.3421253478125
212727,747,234.3421253478125
212728,748,234.3421253478125
212729,749,234.3421253478125
212730,750,234.3421253478125
212731,751,234.3421253478125
212732,752,234.3421253478125
212733,753,234.3421253478125
212734,754,234.3421253478125
212735,755,234.3421253478125
212736,756,234.3421253478125
212737,757,234.3421253478125
212738,758,234.3421253478125
212739,759,234.3421253478125
212740,760,234.3421253478125
212741,761,234.3421253478125
212742,762,234.3421253478125
212743,763,234.3421253478125
212744,764,234.3421253478125
212745,765,234.3421253478125
212746,766,234.3421253478125
212747,767,234.3421253478125
212748,768,234.3421253478125
212749,769,234.3421253478125
212750,770,234.3421253478125
212751,771,234.3421253478125
212752,772,234.3421253478125
212753,773,234.3421253478125
212754,774,234.3421253478125
212755,775,234.3421253478125
212756,776,234.3421253478125
212757,777,234.3421253478125
212758,778,234.3421253478125
212759,779,234.3421253478125
212800,780,234.3421253478125
212801,781,234.3421253478125
212802,782,234.3421253478125
212803,783,234.3421253478125
212804,784,234.3421253478125
212805,785,234.3421253478125
212806,786,234.3421253478125
212807,787,234.3421253478125
212808,788,234.3421253478125
212809,789,234.3421253478125
212810,790,234.3421253478125
212811,791,234.3421253478125
212812,792,234.3421253478125
212813,793,234.3421253478125
212814,794,234.3421253478125
212815,795,234.3421253478125
212816,796,234.3421253478125
212817,797,234.3421253478125
212818,798,234.3421253478125
212819,799,234.3421253478125
212820,800,234.3421253478125
212821,801,234.3421253478125
212822,802,234.3421253478125
212823,803,234.3421253478125
212824,804,234.3421253478125
212825,805,234.3421253478125
212826,806,234.3421253478125
212827,807,234.3421253478125
212828,808,234.3421253478125
212829,809,234.3421253478125
212830,810,234.3421253478125
212831,811,234.3421253478125
212832,812,234.3421253478125
212833,813,234.3421253478125
212834,814,234.3421253478125
212835,815,234.3421253478125
212836,816,234.3421253478125
212837,817,234.3421253478125
212838,818,234.3421253478125
212839,819,234.3421253478125
212840,820,234.3421253478125
212841,821,234.3421253478125
212842,822,234.3421253478125
212843,823,234.3421253478125
212844,824,234.3421253478125
212845,825,234.3421253478125
212846,826,234.3421253478125
212847,827,234.3421253478125
212848,828,234.3421253478125
212849,829,234.3421253478125
212850,830,234.3421253478125
212851,831,234.3421253478125
212852,832,234.3421253478125
212853,833,234.3421253478125
212854,834,234.3421253478125
212855,835,234.3421253478125
212856,836,234.3421253478125
212857,837,234.3421253478125
212858,838,234.3421253478125
212859,839,234.3421253478125
212900,840,234.3421253478125
212901,841,234.3421253478125
212902,842,234.3421253478125
212903,843,234.3421253478125
212904,844,234.3421253478125
212905,845,234.3421253478125
212906,846,234.3421253478125
212907,847,234.3421253478125
212908,848,234.3421253478125
212909,849,234.3421253478125
212910,850,234.3421253478125
212911,851,234.3421253478125
212912,852,234.3421253478125
212913,853,234.3421253478125
212914,854,234.3421253478125
212915,855,234.3421253478125
212916,856,234.3421253478125
212917,857,234.3421253478125
212918,858,234.3421253478125
212919,859,234.3421253478125
212920,860,234.3421253478125
212921,861,234.3421253478125
212922,862,234.3421253478125
212923,863,234.3421253478125
212924,864,234.3421253478125
212925,865,234.3421253478125
212926,866,234.3421253478125
212927,867,234.3421253478125
212928,868,234.3421253478125
212929,869,234.3421253478125
212930,870,234.3421253478125
212931,871,234.3421253478125
212932,872,234.3421253478125
212933,873,234.3421253478125
212934,874,234.3421253478125
212935,875,234.3421253478125
212936,876,234.3421253478125
212937,877,234.3421253478125
212938,878,234.3421253478125
212939,879,234.3421253478125
212940,880,234.3421253478125
212941,881,234.3421253478125
212942,882,234.3421253478125
212943,883,234.3421253478125
212944,884,234.3421253478125
212945,885,234.3421253478125
212946,886,234.3421253478125
212947,887,234.3421253478125
212948,888,234.3421253478125
212949,889,234.3421253478125
212950,890,234.3421253478125
212951,891,234.3421253478125
212952,892,234.3421253478125
212953,893,234.3421253478125
212954,894,234.3421253478125
212955,895,234.3421253478125
212956,896,234.3421253478125
212957,897,234.3421253478125
212958,898,234.3421253478125
212959,899,234.3421253478125
213000,900,234.3421253478125
213001,901,234.3421253478125
213002,902,234.3421253478125
213003,903,234.3421253478125
213004,904,234.3421253478125
213005,905,234.3421253478125
213006,906,234.3421253478125
213007,907,234.3421253478125
213008,908,234.3421253478125
213009,909,234.3421253478125
213010,910,234.3421253478125
213011,911,234.3421253478125
213012,912,234.3421253478125
213013,913,234.3421253478125
213014,914,234.3421253478125
213015,915,234.3421253478125
213016,916,234.3421253478125
213017,917,234.3421253478125
213018,918,234.3421253478125
213019,919,234.3421253478125
213020,920,234.3421253478125
213021,921,234.3421253478125
213022,922,234.3421253478125
213023,923,234.3421253478125
213024,924,234.453637363125
213025,925,234.453637363125
213026,926,234.453637363125
213027,927,234.6023284953125
213028,928,234.6023284953125
213029,929,234.6023284953125
213030,930,234.75098975
213031,931,234.75098975
213032,932,234.89966988
213033,933,234.89966988
213034,934,235.04841662875
213035,935,235.04841662875
213036,936,235.19708565562502
213037,937,235.19708565562502
213038,938,235.19708565562502
213039,939,235.308569509375
213040,940,235.308569509375
213041,941,235.45727093718747
213042,942,235.45727093718747
213043,943,235.60599093750002
213044,944,235.60599093750002
213045,945,236.38433604906248
213046,946,236.38433604906248
213047,947,236.53298266781252
213048,948,236.64454515187498
213049,949,236.79327141031249
213050,950,237.92481702187501
213051,951,238.64742596000002
213052,952,238.64742596000002
213053,953,239.72806121999997
213054,954,239.72806121999997
213055,955,239.8766958271875
213056,956,240.02544126375
213057,957,240.02544126375
213058,958,240.02544126375
213059,959,240.02544126375
213100,960,240.02544126375
213101,961,240.02544126375
213102,962,241.21272971062498
213103,963,241.36140681249998
213104,964,241.9911002584375
213105,965,242.13982651687502
213106,966,242.7695139065625
213107,967,242.88099715468746
213108,968,242.88099715468746
213109,969,243.7013933334375
213110,970,243.7013933334375
213111,971,244.2541725053125
213112,972,244.2541725053125
213113,973,244.2541725053125
213114,974,244.73965654500003
213115,975,244.73965654500003
213116,976,244.73965654500003
213117,977,244.73965654500003
213118,978,244.73965654500003
213119,979,244.73965654500003
213120,980,244.73965654500003
213121,981,245.2207017571875
213122,982,245.2207017571875
213123,983,245.2207017571875
213124,984,245.2207017571875
213125,985,245.2207017571875
213126,986,246.0410622040625
213127,987,246.0410622040625
213128,988,246.0410622040625
213129,989,246.0410622040625
213130,990,246.9681672871875
213131,991,246.9681672871875
213132,992,247.11684903218753
213133,993,247.11684903218753
213134,994,247.26554763374997
213135,995,247.26554763374997
213136,996,247.3770334053125
213137,997,247.3770334053125
213138,998,247.52571777468748
213139,999,247.52571777468748
213140,1000,247.67441910156248
213141,1001,247.67441910156248
213142,1002,247.67441910156248
213143,1003,247.82313728500003
213144,1004,247.82313728500003
213145,1005,247.82313728500003
213146,1006,247.82313728500003
213147,1007,247.971828518125
213148,1008,247.971828518125
213149,1009,248.6015431609375
213150,1010,248.6015431609375
213151,1011,248.7131006990625
213152,1012,248.7131006990625
213153,1013,248.7131006990625
213154,1014,248.8617208721875
213155,1015,249.01044491000002
213156,1016,249.01044491000002
213157,1017,249.01044491000002
213158,1018,249.01044491000002
213159,1019,249.01044491000002
213200,1020,249.01044491000002
213201,1021,249.64016278281252
213202,1022,249.64016278281252
213203,1023,249.64016278281252
213204,1024,249.64016278281252
213205,1025,249.64016278281252
213206,1026,249.64016278281252
213207,1027,249.64016278281252
213208,1028,249.64016278281252
213209,1029,249.64016278281252
213210,1030,249.64016278281252
213211,1031,249.64016278281252
213212,1032,249.64016278281252
213213,1033,249.64016278281252
213214,1034,249.64016278281252
213215,1035,249.64016278281252
213216,1036,249.64016278281252
213217,1037,249.64016278281252
213218,1038,249.64016278281252
213219,1039,249.64016278281252
213220,1040,249.64016278281252
213221,1041,249.64016278281252
213222,1042,249.64016278281252
213223,1043,249.64016278281252
213224,1044,249.64016278281252
213225,1045,249.64016278281252
213226,1046,249.64016278281252
213227,1047,249.64016278281252
213228,1048,249.64016278281252
213229,1049,249.64016278281252
213230,1050,249.64016278281252
213231,1051,249.64016278281252
213232,1052,249.64016278281252
213233,1053,249.64016278281252
213234,1054,249.64016278281252
213235,1055,249.64016278281252
213236,1056,249.64016278281252
213237,1057,249.78884664750004
213238,1058,249.78884664750004
213239,1059,249.78884664750004
213240,1060,249.78884664750004
213241,1061,249.900375923125
213242,1062,249.900375923125
213243,1063,249.900375923125
213244,1064,249.900375923125
213245,1065,249.900375923125
213246,1066,249.900375923125
213247,1067,249.900375923125
213248,1068,249.900375923125
213249,1069,249.900375923125
213250,1070,249.900375923125
213251,1071,249.9423331184375
213252,1072,249.9423331184375
213253,1073,249.9423331184375
213254,1074,249.9423331184375
213255,1075,249.9423331184375
213256,1076,249.9423331184375
213257,1077,249.9423331184375
213258,1078,249.9423331184375
213259,1079,249.9423331184375
213300,1080,249.9423331184375
213301,1081,249.9423331184375
213302,1082,249.9423331184375
213303,1083,249.9423331184375
213304,1084,249.9423331184375
213305,1085,249.9423331184375
213306,1086,249.9423331184375
213307,1087,249.9423331184375
213308,1088,249.9423331184375
213309,1089,249.9423331184375
213310,1090,249.9423331184375
213311,1091,249.9423331184375
213312,1092,249.9423331184375
213313,1093,249.9423331184375
213314,1094,249.9423331184375
213315,1095,249.9423331184375
213316,1096,249.9423331184375
213317,1097,249.9423331184375
213318,1098,250.0910021453125
213319,1099,250.0910021453125
213320,1100,250.0910021453125
213321,1101,250.0910021453125
213322,1102,250.0910021453125
213323,1103,250.0910021453125
213324,1104,250.0910021453125
213325,1105,250.0910021453125
213326,1106,250.0910021453125
213327,1107,250.0910021453125
213328,1108,250.0910021453125
213329,1109,250.0910021453125
213330,1110,250.0910021453125
213331,1111,250.0910021453125
213332,1112,250.0910021453125
213333,1113,250.0910021453125
213334,1114,250.0910021453125
213335,1115,250.0910021453125
213336,1116,250.0910021453125
213337,1117,250.0910021453125
213338,1118,250.0910021453125
213339,1119,250.0910021453125
213340,1120,250.0910021453125
213341,1121,250.0910021453125
213342,1122,250.2397309271875
213343,1123,250.2397309271875
213344,1124,250.2397309271875
213345,1125,250.2397309271875
213346,1126,250.2397309271875
213347,1127,250.2397309271875
213348,1128,250.2397309271875
213349,1129,250.2397309271875
213350,1130,250.2397309271875
213351,1131,250.2397309271875
213352,1132,250.2397309271875
213353,1133,250.2397309271875
213354,1134,250.2397309271875
213355,1135,250.2397309271875
213356,1136,250.2397309271875
213357,1137,250.2397309271875
213358,1138,250.2397309271875
213359,1139,250.2397309271875
213400,1140,250.2397309271875
213401,1141,250.2397309271875
213402,1142,250.2397309271875
213403,1143,250.2397309271875
213404,1144,250.2397309271875
213405,1145,250.2397309271875
213406,1146,250.2397309271875
213407,1147,250.2397309271875
213408,1148,250.3884331625
213409,1149,250.3884331625
213410,1150,250.3884331625
213411,1151,250.3884331625
213412,1152,250.3884331625
213413,1153,250.3884331625
213414,1154,250.3884331625
213415,1155,250.3884331625
213416,1156,250.3884331625
213417,1157,250.3884331625
213418,1158,250.5371089521875
213419,1159,250.5371089521875
213420,1160,251.31549888
213421,1161,251.31549888
213422,1162,251.4269925246875
213423,1163,252.20541475250002
213424,1164,253.1325486028125
213425,1165,253.95290460843754
213426,1166,254.21305637875003
213427,1167,255.59892068343748
213428,1168,256.9839228809375
213429,1169,258.369755289375
213430,1170,258.66716349468754
213431,1171,259.636177323125
213432,1172,259.89638087437504
213433,1173,260.0451329728125
213434,1174,260.82352532312495
213435,1175,261.0837085859375
213436,1176,261.23246573125
213437,1177,261.381078636875
213438,1178,262.1595103528125
213439,1179,262.3081422346875
213440,1180,262.3081422346875
213441,1181,262.419700479375
213442,1182,262.56843824468746
213443,1183,263.34678698999994
213444,1184,263.495464091875
213445,1185,263.644156334375
213446,1186,263.7928637175
213447,1187,264.0530741325
213448,1188,264.201744774375
213449,1189,264.3505086825
213450,1190,264.4991701390625
213451,1191,264.4991701390625
213452,1192,264.64784673625
213453,1193,264.759378838125
213454,1194,265.205415998125
213455,1195,266.6555330778125
213456,1196,266.80419382781247
213457,1197,267.06440040718746
213458,1198,267.06440040718746
213459,1199,267.06440040718746
213500,1200,267.36181820156247
213501,1201,267.5105110496875
213502,1202,267.7707158121875
213503,1203,268.0680823303125
213504,1204,268.476971765
213505,1205,269.25536421625003
213506,1206,269.40409370468745
213507,1207,269.70148263093745
213508,1208,269.8130090803125
213509,1209,269.961679823125
213510,1210,270.110365
213511,1211,270.40777895875004
213512,1212,270.5192724015625
213513,1213,270.5192724015625
213514,1214,270.5192724015625
213515,1215,270.66793668437504
213516,1216,271.11401684375
213517,1217,271.26273906468754
213518,1218,271.3742481528125
213519,1219,271.52295816031244
213520,1220,271.63414011
213521,1221,271.63414011
213522,1222,271.63414011
213523,1223,271.63414011
213524,1224,271.63414011
213525,1225,271.63414011
213526,1226,271.63414011
213527,1227,271.63414011
213528,1228,271.63414011
213529,1229,271.63414011
213530,1230,271.63414011
213531,1231,271.63414011
213532,1232,271.63414011
213533,1233,271.63414011
213534,1234,271.63414011
213535,1235,271.63414011
213536,1236,271.63414011
213537,1237,271.63414011
213538,1238,271.63414011
213539,1239,271.63414011
213540,1240,271.63414011
213541,1241,271.63414011
213542,1242,271.63414011
213543,1243,271.63414011
213544,1244,271.63414011
213545,1245,271.63414011
213546,1246,271.63414011
213547,1247,271.63414011
213548,1248,271.63414011
213549,1249,271.63414011
213550,1250,271.63414011
213551,1251,271.63414011
213552,1252,271.63414011
213553,1253,271.63414011
213554,1254,271.63414011
213555,1255,271.63414011
213556,1256,271.63414011
213557,1257,271.63414011
213558,1258,271.63414011
213559,1259,271.63414011
213600,1260,271.63414011
213601,1261,271.63414011
213602,1262,271.63414011
213603,1263,271.63414011
213604,1264,271.63414011
213605,1265,271.63414011
213606,1266,271.63414011
213607,1267,271.63414011
213608,1268,271.63414011
213609,1269,271.63414011
213610,1270,271.63414011
213611,1271,271.63414011
213612,1272,271.63414011
213613,1273,271.63414011
213614,1274,271.63414011
213615,1275,271.63414011
213616,1276,271.63414011
213617,1277,271.63414011
213618,1278,271.63414011
213619,1279,271.63414011
213620,1280,271.63414011
213621,1281,271.63414011
213622,1282,271.63414011
213623,1283,271.63414011
213624,1284,271.63414011
213625,1285,271.63414011
213626,1286,271.63414011
213627,1287,271.63414011
213628,1288,271.63414011
213629,1289,271.63414011
213630,1290,271.63414011
213631,1291,271.63414011
213632,1292,271.63414011
213633,1293,271.63414011
213634,1294,271.63414011
213635,1295,271.63414011
213636,1296,271.63414011
213637,1297,271.63414011
213638,1298,271.63414011
213639,1299,271.63414011
213640,1300,271.63414011
213641,1301,271.63414011
213642,1302,271.63414011
213643,1303,271.63414011
213644,1304,271.63414011
213645,1305,271.63414011
213646,1306,271.63414011
213647,1307,271.63414011
213648,1308,271.63414011
213649,1309,271.63414011
213650,1310,271.63414011
213651,1311,271.63414011
213652,1312,271.63414011
213653,1313,271.63414011
213654,1314,271.63414011
213655,1315,271.63414011
213656,1316,271.63414011
213657,1317,271.63414011
213658,1318,271.63414011
213659,1319,271.63414011
213700,1320,271.63414011
213701,1321,271.63414011
213702,1322,271.63414011
213703,1323,271.63414011
213704,1324,271.63414011
213705,1325,271.63414011
213706,1326,271.63414011
213707,1327,271.63414011
213708,1328,271.63414011
213709,1329,271.63414011
213710,1330,271.63414011
213711,1331,271.63414011
213712,1332,271.63414011
213713,1333,271.63414011
213714,1334,271.63414011
213715,1335,271.63414011
213716,1336,271.63414011
213717,1337,271.63414011
213718,1338,271.63414011
213719,1339,271.63414011
213720,1340,271.63414011
213721,1341,271.63414011
213722,1342,271.63414011
213723,1343,271.63414011
213724,1344,271.63414011
213725,1345,271.63414011
213726,1346,271.63414011
213727,1347,271.63414011
213728,1348,271.7828383078125
213729,1349,271.7828383078125
213730,1350,271.7828383078125
213731,1351,271.7828383078125
213732,1352,271.93151339093754
213733,1353,271.93151339093754
213734,1354,271.93151339093754
213735,1355,271.93151339093754
213736,1356,272.08020300906253
213737,1357,272.08020300906253
213738,1358,272.1917157309375
213739,1359,272.1917157309375
213740,1360,272.1917157309375
213741,1361,272.1917157309375
213742,1362,272.1917157309375
213743,1363,272.863401195625
213744,1364,272.863401195625
213745,1365,272.900589396875
213746,1366,272.900589396875
213747,1367,272.900589396875
213748,1368,272.900589396875
213749,1369,272.900589396875
213750,1370,272.900589396875
213751,1371,272.900589396875
213752,1372,272.900589396875
213753,1373,272.900589396875
213754,1374,272.900589396875
213755,1375,272.900589396875
213756,1376,272.900589396875
213757,1377,272.900589396875
213758,1378,272.900589396875
213759,1379,272.900589396875
213800,1380,272.900589396875
213801,1381,272.900589396875
213802,1382,272.900589396875
213803,1383,272.900589396875
213804,1384,273.04922137968754
213805,1385,273.04922137968754
213806,1386,273.04922137968754
213807,1387,273.04922137968754
213808,1388,273.04922137968754
213809,1389,273.04922137968754
213810,1390,273.04922137968754
213811,1391,273.04922137968754
213812,1392,273.04922137968754
213813,1393,273.04922137968754
213814,1394,273.1983120225
213815,1395,273.1983120225
213816,1396,273.1983120225
213817,1397,273.1983120225
213818,1398,273.1983120225
213819,1399,273.1983120225
213820,1400,273.1983120225
213821,1401,273.1983120225
213822,1402,273.1983120225
213823,1403,273.1983120225
213824,1404,273.1983120225
213825,1405,273.1983120225
213826,1406,273.1983120225
213827,1407,273.1983120225
213828,1408,273.1983120225
213829,1409,273.1983120225
213830,1410,273.1983120225
213831,1411,273.1983120225
213832,1412,273.1983120225
213833,1413,273.1983120225
213834,1414,273.1983120225
213835,1415,273.1983120225
213836,1416,273.1983120225
213837,1417,273.1983120225
213838,1418,273.1983120225
213839,1419,273.1983120225
213840,1420,273.1983120225
213841,1421,273.1983120225
213842,1422,273.1983120225
213843,1423,273.1983120225
213844,1424,273.1983120225
213845,1425,273.1983120225
213846,1426,273.1983120225
213847,1427,273.1983120225
213848,1428,273.1983120225
213849,1429,273.1983120225
213850,1430,273.1983120225
213851,1431,273.1983120225
213852,1432,273.1983120225
213853,1433,273.1983120225
213854,1434,273.1983120225
213855,1435,273.1983120225
213856,1436,273.1983120225
213857,1437,273.1983120225
213858,1438,273.1983120225
213859,1439,273.1983120225
213900,1440,273.1983120225
213901,1441,273.1983120225
213902,1442,273.1983120225
213903,1443,273.1983120225
213904,1444,273.1983120225
213905,1445,273.1983120225
213906,1446,273.1983120225
213907,1447,273.1983120225
213908,1448,273.1983120225
213909,1449,273.1983120225
213910,1450,273.1983120225
213911,1451,273.1983120225
213912,1452,273.1983120225
213913,1453,273.1983120225
213914,1454,273.1983120225
213915,1455,273.1983120225
213916,1456,273.1983120225
213917,1457,273.1983120225
213918,1458,273.1983120225
213919,1459,273.1983120225
213920,1460,273.1983120225
213921,1461,273.1983120225
213922,1462,273.1983120225
213923,1463,273.1983120225
213924,1464,273.1983120225
213925,1465,273.1983120225
213926,1466,273.1983120225
213927,1467,273.1983120225
213928,1468,273.1983120225
213929,1469,273.1983120225
213930,1470,273.1983120225
213931,1471,273.1983120225
213932,1472,273.1983120225
213933,1473,273.1983120225
213934,1474,273.1983120225
213935,1475,273.1983120225
213936,1476,273.1983120225
213937,1477,273.1983120225
213938,1478,273.1983120225
213939,1479,273.1983120225
213940,1480,273.1983120225
213941,1481,273.1983120225
213942,1482,273.1983120225
213943,1483,273.1983120225
213944,1484,273.1983120225
213945,1485,273.1983120225
213946,1486,273.1983120225
213947,1487,273.1983120225
213948,1488,273.1983120225
213949,1489,273.1983120225
213950,1490,273.1983120225
213951,1491,273.1983120225
213952,1492,273.1983120225
213953,1493,273.1983120225
213954,1494,273.1983120225
213955,1495,273.1983120225
213956,1496,273.1983120225
213957,1497,273.1983120225
213958,1498,273.1983120225
213959,1499,273.1983120225
214000,1500,273.1983120225
214001,1501,273.1983120225
214002,1502,273.1983120225
214003,1503,273.1983120225
214004,1504,273.1983120225
214005,1505,273.1983120225
214006,1506,273.1983120225
214007,1507,273.1983120225
214008,1508,273.1983120225
214009,1509,273.1983120225
214010,1510,273.1983120225
214011,1511,273.1983120225
214012,1512,273.1983120225
214013,1513,273.1983120225
214014,1514,273.1983120225
214015,1515,273.1983120225
214016,1516,273.1983120225
214017,1517,273.1983120225
214018,1518,273.1983120225
214019,1519,273.1983120225
214020,1520,273.1983120225
214021,1521,273.1983120225
214022,1522,273.1983120225
214023,1523,273.1983120225
214024,1524,273.1983120225
214025,1525,273.1983120225
214026,1526,273.1983120225
214027,1527,273.1983120225
214028,1528,273.1983120225
214029,1529,273.1983120225
214030,1530,273.1983120225
214031,1531,273.1983120225
214032,1532,273.1983120225
214033,1533,273.1983120225
214034,1534,273.1983120225
214035,1535,273.1983120225
214036,1536,273.1983120225
214037,1537,273.1983120225
214038,1538,273.1983120225
214039,1539,273.1983120225
214040,1540,273.1983120225
214041,1541,273.34693522375
214042,1542,273.34693522375
214043,1543,273.4957207325
214044,1544,273.4957207325
214045,1545,273.4957207325
214046,1546,273.4957207325
214047,1547,273.4957207325
214048,1548,273.4957207325
214049,1549,273.4957207325
214050,1550,273.6443726
214051,1551,273.6443726
214052,1552,273.6443726
214053,1553,273.6443726
214054,1554,273.6443726
214055,1555,274.2740888578125
214056,1556,274.3855648384375
214057,1557,274.3855648384375
214058,1558,274.3855648384375
214059,1559,274.53430381500004
214100,1560,274.68298354125
214101,1561,274.83167739875
214102,1562,274.83167739875
214103,1563,274.98034864625
214104,1564,275.610045423125
214105,1565,275.7587926765625
214106,1566,275.7587926765625
214107,1567,276.01896544187497
214108,1568,276.31633236375
214109,1569,276.465036920625
214110,1570,276.53716150843746
214111,1571,276.53716150843746
214112,1572,276.53716150843746
214113,1573,276.53716150843746
214114,1574,276.53716150843746
214115,1575,276.53716150843746
214116,1576,276.53716150843746
214117,1577,276.53716150843746
214118,1578,276.53716150843746
214119,1579,276.53716150843746
214120,1580,276.53716150843746
214121,1581,276.53716150843746
214122,1582,276.53716150843746
214123,1583,276.53716150843746
214124,1584,276.53716150843746
214125,1585,276.53716150843746
214126,1586,276.53716150843746
214127,1587,276.53716150843746
214128,1588,276.53716150843746
214129,1589,276.53716150843746
214130,1590,276.53716150843746
214131,1591,276.53716150843746
214132,1592,276.53716150843746
214133,1593,276.53716150843746
214134,1594,276.53716150843746
214135,1595,276.53716150843746
214136,1596,276.53716150843746
214137,1597,276.53716150843746
214138,1598,276.53716150843746
214139,1599,276.53716150843746
214140,1600,276.53716150843746
214141,1601,276.53716150843746
214142,1602,276.53716150843746
214143,1603,276.53716150843746
214144,1604,276.53716150843746
214145,1605,276.53716150843746
214146,1606,276.53716150843746
214147,1607,276.53716150843746
214148,1608,276.53716150843746
214149,1609,276.53716150843746
214150,1610,276.53716150843746
214151,1611,276.53716150843746
214152,1612,276.53716150843746
214153,1613,276.53716150843746
214154,1614,276.53716150843746
214155,1615,276.53716150843746
214156,1616,276.53716150843746
214157,1617,276.53716150843746
214158,1618,276.53716150843746
214159,1619,276.53716150843746
214200,1620,276.53716150843746
214201,1621,276.53716150843746
214202,1622,276.53716150843746
214203,1623,276.53716150843746
214204,1624,276.53716150843746
214205,1625,276.53716150843746
214206,1626,276.53716150843746
214207,1627,276.53716150843746
214208,1628,276.53716150843746
214209,1629,276.53716150843746
214210,1630,276.53716150843746
214211,1631,276.53716150843746
214212,1632,276.53716150843746
214213,1633,276.53716150843746
214214,1634,276.53716150843746
214215,1635,276.53716150843746
214216,1636,276.53716150843746
214217,1637,276.53716150843746
214218,1638,276.53716150843746
214219,1639,276.53716150843746
214220,1640,276.53716150843746
214221,1641,276.53716150843746
214222,1642,276.53716150843746
214223,1643,276.53716150843746
214224,1644,276.53716150843746
214225,1645,276.53716150843746
214226,1646,276.53716150843746
214227,1647,276.53716150843746
214228,1648,276.53716150843746
214229,1649,276.53716150843746
214230,1650,276.53716150843746
214231,1651,276.53716150843746
214232,1652,276.53716150843746
214233,1653,276.53716150843746
214234,1654,276.53716150843746
214235,1655,276.53716150843746
214236,1656,276.53716150843746
214237,1657,276.53716150843746
214238,1658,276.53716150843746
214239,1659,276.53716150843746
214240,1660,276.53716150843746
214241,1661,276.53716150843746
214242,1662,276.53716150843746
214243,1663,276.53716150843746
214244,1664,276.53716150843746
214245,1665,276.53716150843746
214246,1666,276.53716150843746
214247,1667,276.53716150843746
214248,1668,276.53716150843746
214249,1669,276.53716150843746
214250,1670,276.53716150843746
214251,1671,276.53716150843746
214252,1672,276.53716150843746
214253,1673,276.53716150843746
214254,1674,276.53716150843746
214255,1675,276.53716150843746
214256,1676,276.53716150843746
214257,1677,276.53716150843746
214258,1678,276.53716150843746
214259,1679,276.53716150843746
214300,1680,276.53716150843746
214301,1681,276.53716150843746
214302,1682,276.53716150843746
214303,1683,276.53716150843746
214304,1684,276.53716150843746
214305,1685,276.53716150843746
214306,1686,276.53716150843746
214307,1687,276.53716150843746
214308,1688,276.53716150843746
214309,1689,276.53716150843746
214310,1690,276.53716150843746
214311,1691,276.53716150843746
214312,1692,276.53716150843746
214313,1693,276.53716150843746
214314,1694,276.53716150843746
214315,1695,276.53716150843746
214316,1696,276.53716150843746
214317,1697,276.53716150843746
214318,1698,276.53716150843746
214319,1699,276.53716150843746
214320,1700,276.53716150843746
214321,1701,276.53716150843746
214322,1702,276.53716150843746
214323,1703,276.53716150843746
214324,1704,276.53716150843746
214325,1705,276.53716150843746
214326,1706,276.53716150843746
214327,1707,276.53716150843746
214328,1708,276.53716150843746
214329,1709,276.53716150843746
214330,1710,276.53716150843746
214331,1711,276.53716150843746
214332,1712,276.53716150843746
214333,1713,276.53716150843746
214334,1714,276.53716150843746
214335,1715,276.53716150843746
214336,1716,276.53716150843746
214337,1717,276.53716150843746
214338,1718,276.53716150843746
214339,1719,276.53716150843746
214340,1720,276.53716150843746
214341,1721,276.53716150843746
214342,1722,276.53716150843746
214343,1723,276.53716150843746
214344,1724,276.53716150843746
214345,1725,276.6486649440625
214346,1726,276.6486649440625
214347,1727,276.6486649440625
214348,1728,276.79736657375
214349,1729,276.79736657375
214350,1730,276.79736657375
214351,1731,276.79736657375
214352,1732,276.9460459971875
214353,1733,276.9460459971875
214354,1734,277.0575330809375
214355,1735,277.0575330809375
214356,1736,277.0575330809375
214357,1737,277.2062729659375
214358,1738,277.2062729659375
214359,1739,277.2062729659375
214400,1740,277.2062729659375
214401,1741,277.877935215
214402,1742,277.877935215
214403,1743,277.877935215
214404,1744,277.877935215
214405,1745,278.026640983125
214406,1746,278.026640983125
214407,1747,278.138174901875
214408,1748,278.138174901875
214409,1749,278.2868690621875
214410,1750,278.4355051834375
214411,1751,278.4355051834375
214412,1752,278.4355051834375
214413,1753,278.4355051834375
214414,1754,278.5842628334375
214415,1755,278.5842628334375
214416,1756,278.6954323678125
214417,1757,278.6954323678125
214418,1758,278.6954323678125
214419,1759,278.6954323678125
214420,1760,278.6954323678125
214421,1761,278.6954323678125
214422,1762,278.6954323678125
214423,1763,278.6954323678125
214424,1764,278.6954323678125
214425,1765,278.6954323678125
214426,1766,278.6954323678125
214427,1767,278.6954323678125
214428,1768,278.6954323678125
214429,1769,278.6954323678125
214430,1770,278.6954323678125
214431,1771,278.6954323678125
214432,1772,278.6954323678125
214433,1773,278.6954323678125
214434,1774,278.6954323678125
214435,1775,278.6954323678125
214436,1776,278.6954323678125
214437,1777,278.6954323678125
214438,1778,278.6954323678125
214439,1779,278.6954323678125
214440,1780,278.6954323678125
214441,1781,278.6954323678125
214442,1782,278.6954323678125
214443,1783,278.6954323678125
214444,1784,278.6954323678125
214445,1785,278.6954323678125
214446,1786,278.6954323678125
214447,1787,278.6954323678125
214448,1788,278.6954323678125
214449,1789,278.6954323678125
214450,1790,278.6954323678125
214451,1791,278.6954323678125
214452,1792,278.6954323678125
214453,1793,278.6954323678125
214454,1794,278.6954323678125
214455,1795,278.6954323678125
214456,1796,278.6954323678125
214457,1797,279.32518425656247
214458,1798,279.4738121009375
214459,1799,279.4738121009375
214500,1800,279.4738121009375
214501,1801,279.4738121009375
214502,1802,279.4738121009375
214503,1803,279.4738121009375
214504,1804,280.1455101828125
214505,1805,280.1455101828125
214506,1806,280.1455101828125
214507,1807,280.2941759796875
214508,1808,280.2941759796875
214509,1809,280.77518101875
214510,1810,281.40492866812497
214511,1811,281.40492866812497
214512,1812,281.7023366715625
214513,1813,282.03464714656246
214514,1814,282.1833157696875
214515,1815,282.8549950771875
214516,1816,283.00370094625
214517,1817,283.1523854165625
214518,1818,283.9307596990625
214519,1819,284.1910161415625
214520,1820,284.9693845696875
214521,1821,284.9693845696875
214522,1822,285.7897467325
214523,1823,286.087182291875
214524,1824,287.346588361875
214525,1825,287.346588361875
214526,1826,287.60673114875004
214527,1827,288.38517911562496
214528,1828,288.53383603
214529,1829,290.0185661934375
214530,1830,290.2442074325
214531,1831,290.2442074325
214532,1832,290.3928919028125
214533,1833,291.5801637959375
214534,1834,291.728832318125
214535,1835,292.35855614625
214536,1836,292.65594466875
214537,1837,293.57103738187504
214538,1838,294.81233465875005
214539,1839,296.3316064421875
214540,1840,297.709578241875
214541,1841,299.3706596425
214542,1842,300.5794884546875
214543,1843,303.0189326309375
214544,1844,303.427841849375
214545,1845,305.1177991471875
214546,1846,306.144363904375
214547,1847,307.366646776875
214548,1848,308.2937529703125
214549,1849,309.96206805687495
214550,1850,310.88916254156254
214551,1851,312.6750648696875
214552,1852,313.78932392499996
214553,1853,314.97969197500004
214554,1854,315.5691610196875
214555,1855,316.4962601475
214556,1856,317.762695303125
214557,1857,318.0600806965625
214558,1858,318.950010599375
214559,1859,320.28600743875006
214600,1860,320.4347135096875
214601,1861,321.2179015015625
214602,1862,322.73975042125005
214603,1863,323.0
