1900,0,167
1900.833333,0,173
1901.666667,4,162
1902.5,4,160
1903.333333,2,183
1904.166667,2,153
1905,0,155
1905.833333,6,110
1906.666667,18,9
1907.5,6,20
1908.333333,4,15
1909.166667,0,2
1910,8,2
1910.833333,24,7
1911.666667,5,32
1912.5,1,103
1913.333333,2,114
1914.166667,3,100
1915,2,113
1915.833333,0,142
1916.666667,2,133
1917.5,6,140
1918.333333,5,143
1919.166667,6,127
1920,2,112
1920.833333,6,94
1921.666667,8,134
1922.5,0,117
1923.333333,2,135
1924.166667,2,136
1925,2,180
1925.833333,3,213
1926.666667,0,223
1927.5,0,191
1928.333333,5,215
1929.166667,9,199
1930,3,201
1930.833333,0,187
1931.666667,2,149
1932.5,2,141
1933.333333,5,160
1934.166667,2,140
1935,8,84
1935.833333,3,22
1936.666667,4,35
1937.5,1,59
1938.333333,0,67
1939.166667,1,119
1940,11,144
1940.833333,1,159
1941.666667,6,155
1942.5,20,168
1943.333333,11,171
1944.166667,6,241
1945,3,278
1945.833333,3,186
1946.666667,14,153
1947.5,7,127
1948.333333,9,24
1949.166667,0,5
1950,1,3
1950.833333,1,0
1951.666667,0,6
1952.5,1,3
1953.333333,5,2
1954.166667,6,0
1955,16,2
1955.833333,4,2
1956.666667,3,17
1957.5,5,62
1958.333333,0,77
1959.166667,3,67
1960,2,47
1960.833333,9,11
1961.666667,2,46
1962.5,2,92
1963.333333,2,134
1964.166667,3,135
1965,4,108
1965.833333,10,148
1966.666667,5,125
1967.5,6,147
1968.333333,4,140
1969.166667,15,177
1970,9,164
1970.833333,6,171
1971.666667,14,137
1972.5,5,18
1973.333333,8,9
1974.166667,10,1
1975,4,1
1975.833333,5,4
1976.666667,3,0
1977.5,4,2
1978.333333,0,5
1979.166667,7,15
1980,3,51
1980.833333,7,43
1981.666667,12,36
1982.5,11,4
1983.333333,11,2
1984.166667,2,4
1985,14,42
1985.833333,1,116
1986.666667,6,173
1987.5,0,150
1988.333333,21,141
1989.166667,6,78
1990,11,28
1990.833333,15,19
1991.666667,1,74
1992.5,7,96
1993.333333,14,123
1994.166667,16,90
1995,26,150
1995.833333,13,51
1996.666667,10,15
1997.5,24,30
1998.333333,0,4
1999.166667,2,2.5
2000,4,1
2000.833333,22,5
2001.666667,41,6
2002.5,28,54
2003.333333,24,60
2004.166667,41,83
2005,43,71
2005.833333,56,76
2006.666667,45,75
2007.5,24,71
2008.333333,42,62
2009.166667,46,64
2010,39,69
2010.833333,42,54
2011.666667,40,27
2012.5,46,44
2013.333333,63,9
2014.166667,72,10
2015,70,24
2015.833333,33,10
2016.666667,60,19
2017.5,62,10
2018.333333,77,4
2019.166667,83,6
2020,64,6
2020.833333,70,8
2021.666667,47,14
2022.5,98,65
2023.333333,29,63
2024.166667,16,71
2025,63,62
2025.833333,114,50
2026.666667,95,24
2027.5,122,14
2028.333333,91,24
2029.166667,91,26
2030,99,50
2030.833333,87,62
2031.666667,90,62
2032.5,49,51
2033.333333,54,29
2034.166667,71,9
2035,85,17
2035.833333,95,15
2036.666667,140,5
2037.5,136,8
2038.333333,104,5
2039.166667,94,5
2040,69,0
2040.833333,93,5
2041.666667,109,2
2042.5,121,3
2043.333333,145,5
2044.166667,148,25
2045,172,56
2045.833333,125,60
2046.666667,102,52
2047.5,83,43
2048.333333,138,42
2049.166667,125,38
2050,133,27
2050.833333,141,20
2051.666667,124,27
2052.5,110,25
2053.333333,105,26
2054.166667,100,31
2055,96,7
2055.833333,171,7
2056.666667,117,1
2057.5,141,6
2058.333333,140,7
2059.166667,157,7
2060,113,9
2060.833333,136,12
2061.666667,154,10
2062.5,173,4
2063.333333,146,16
2064.166667,141,2
2065,122,0
2065.833333,128,6
2066.666667,143,7
2067.5,117,3
2068.333333,150,6
2069.166667,144,27
2070,172,24
2070.833333,197,10
2071.666667,156,27
2072.5,174,6
2073.333333,187,13
2074.166667,172,3
2075,149,12
2075.833333,133,4
2076.666667,154,10
2077.5,148,19
2078.333333,122,4
2079.166667,146,26
2080,201,25
2080.833333,143,14
2081.666667,146,21
2082.5,142,8
2083.333333,140,7
2084.166667,168,4
2085,139,3
2085.833333,27,6
2086.666667,8,11
2087.5,14,15
2088.333333,4,21
2089.166667,5,12
2090,2,9
2090.833333,0,27
2091.666667,6,4
2092.5,3,10
2093.333333,1,2
2094.166667,6,2
2095,91,4
2095.833333,170,11
2096.666667,160,0
2097.5,102,5
2098.333333,0,0
2099.166667,77,0
2100,153,0
2100.833333,142,5
2101.666667,166,2
2102.5,153,4
2103.333333,185,8
2104.166667,192,10
2105,134,8
2105.833333,120,16
2106.666667,125,1
2107.5,156,4
2108.333333,143,14
2109.166667,167,0
2110,176,4
2110.833333,136,0
2111.666667,162,1
2112.5,170,4
2113.333333,165,2
2114.166667,189,3
2115,127,8
2115.833333,142,1
2116.666667,130,4
2117.5,155,3
2118.333333,159,1
2119.166667,131,5
2120,147,3
2120.833333,158,5
2121.666667,57,2
2122.5,3,7
2123.333333,7,6
2124.166667,0,2
2125,2,3
2125.833333,8,0
2126.666667,2,9
2127.5,85,12
2128.333333,151,4
2129.166667,177,4
2130,159,0
2130.833333,150,8
2131.666667,112,2
2132.5,132,0
2133.333333,159,0
2134.166667,172,1
2135,128,1
2135.833333,140,1
2136.666667,169,0
2137.5,162,3
2138.333333,152,0
2139.166667,133,0
2140,144,2
2140.833333,104,3
2141.666667,142,5
2142.5,166,3
2143.333333,155,8
2144.166667,197,8
2145,143,7
2145.833333,92,8
2146.666667,130,4
2147.5,144,10
2148.333333,172,4
2149.166667,168,3
2150,152,6
2150.833333,163,2
2151.666667,147,1
2152.5,144,1
2153.333333,149,3
2154.166667,150,3
2155,123,2
2155.833333,111,0
2156.666667,107,0
2157.5,147,0
2158.333333,159,0
2159.166667,152,1
2160,148,7
2160.833333,154,3
2161.666667,151,4
2162.5,180,3
2163.333333,159,0
2164.166667,152,0
2165,139,7
2165.833333,123,1
2166.666667,131,2
2167.5,111,2
2168.333333,140,2
2169.166667,139,0
2170,147,6
2170.833333,147,0
2171.666667,135,0
2172.5,134,2
2173.333333,118,0
2174.166667,29,1
2175,2,6
2175.833333,5,2
2176.666667,5,7
2177.5,10,16
2178.333333,2,6
2179.166667,11,2
2180,8,3
2180.833333,68,1
2181.666667,161,5
2182.5,62,7
2183.333333,101,6
2184.166667,116,0
2185,132,0
2185.833333,143,0
2186.666667,125,0
2187.5,142,2
2188.333333,138,1
2189.166667,161,0
2190,156,1
2190.833333,145,3
2191.666667,118,1
2192.5,123,8
2193.333333,134,0
2194.166667,134,0
2195,155,0
2195.833333,151,7
2196.666667,149,0
2197.5,103,0
2198.333333,2,0
2199.166667,68,0
2200,134,0
2200.833333,121,1
2201.666667,147,4
2202.5,116,0
2203.333333,140,6
2204.166667,140,1
2205,109,0
2205.833333,138,0
2206.666667,102,5
2207.5,111,1
2208.333333,125,0
2209.166667,149,1
2210,163,0
2210.833333,117,1
2211.666667,95,0
2212.5,96,3
2213.333333,134,1
2214.166667,137,0
2215,150,3
2215.833333,110,11
2216.666667,152,13
2217.5,175,7
2218.333333,132,5
2219.166667,123,4
2220,135,1
2220.833333,151,8
2221.666667,127,6
2222.5,134,9
2223.333333,101,9
2224.166667,132,4
2225,101,20
2225.833333,143,7
2226.666667,155,1
2227.5,138,8
2228.333333,140,11
2229.166667,177,6
2230,149,2
2230.833333,137,6
2231.666667,130,0
2232.5,128,3
2233.333333,93,2
2234.166667,119,3
2235,130,1
2235.833333,118,0
2236.666667,131,0
2237.5,98,0
2238.333333,140,5
2239.166667,122,1
2240,126,4
2240.833333,108,5
2241.666667,131,0
2242.5,130,4
2243.333333,101,2
2244.166667,137,0
2245,141,0
2245.833333,137,0
2246.666667,120,2
2247.5,151,3
2248.333333,165,3
2249.166667,145,2
2250,125,1
2250.833333,127,0
2251.666667,83,2
2252.5,58,0
2253.333333,90,2
2254.166667,92,0
2255,115,0
2255.833333,124,4
2256.666667,127,3
2257.5,114,2
2258.333333,120,0
2259.166667,95,2
2260,108,0
2260.833333,148,3
2261.666667,145,4
2262.5,157,0
2263.333333,147,8
2264.166667,139,4
2265,158,4
2265.833333,139,2
2266.666667,104,3
2267.5,90,2
2268.333333,127,10
2269.166667,156,11
2270,113,2
2270.833333,126,0
2271.666667,120,4
2272.5,102,1
2273.333333,141,5
2274.166667,143,5
2275,107,4
2275.833333,101,6
2276.666667,45,0
2277.5,92,2
2278.333333,116,2
2279.166667,104,3
2280,126,0
2280.833333,129,1
2281.666667,148,6
2282.5,130,15
2283.333333,133,4
2284.166667,136,3
2285,144,1
2285.833333,114,4
2286.666667,139,0
2287.5,109,5
2288.333333,84,4
2289.166667,130,2
2290,124,9
2290.833333,105,11
2291.666667,122,2
2292.5,108,3
2293.333333,110,0
2294.166667,81,0
2295,58,8
2295.833333,64,9
2296.666667,39,4
2297.5,63,0
2298.333333,3,0
2299.166667,30,1.5
2300,57,3
2300.833333,57,5
2301.666667,62,1
2302.5,65,6
2303.333333,63,3
2304.166667,36,2
2305,39,13
2305.833333,39,3
2306.666667,55,7
2307.5,32,11
2308.333333,25,1
2309.166667,20,3
2310,29,1
2310.833333,17,6
2311.666667,24,5
2312.5,29,2
2313.333333,30,2
2314.166667,20,2
2315,19,3
2315.833333,17,3
2316.666667,27,4
2317.5,38,4
2318.333333,23,1
2319.166667,17,5
2320,40,4
2320.833333,25,0
2321.666667,27,2
2322.5,28,1
2323.333333,11,1
2324.166667,16,2
2325,16,1
2325.833333,15,1
2326.666667,24,0
2327.5,30,1
2328.333333,14,1
2329.166667,24,1
2330,15,1
2330.833333,14,7
2331.666667,23,2
2332.5,16,0
2333.333333,43,0
2334.166667,21,0
2335,19,3
2335.833333,17,1
2336.666667,13,0
2337.5,15,0
2338.333333,19,1
2339.166667,5,0
2340,17,3
2340.833333,20,5
2341.666667,4,3
2342.5,25,0
2343.333333,8,1
2344.166667,19,1
2345,14,1
2345.833333,25,3
2346.666667,33,0
2347.5,16,1
2348.333333,10,3
2349.166667,20,1
2350,1,0
2350.833333,0,0
2351.666667,0,0
2352.5,0,0
2353.333333,0,0
2354.166667,0,0
2355,0,0
2355.833333,0,0
2356.666667,0,0
2357.5,0,0
2358.333333,0,0
2359.166667,0,0
2360,0,0
2360.833333,0,0
2361.666667,0,0
2362.5,0,0
2363.333333,0,0
2364.166667,0,0
2365,0,0
2365.833333,0,0
2366.666667,0,0
2367.5,0,0
2368.333333,0,0
2369.166667,0,0
2370,0,0
2370.833333,0,0
2371.666667,0,0
2372.5,0,0
2373.333333,0,0
2374.166667,0,0
2375,0,0
2375.833333,0,0
2376.666667,0,0
2377.5,0,0
2378.333333,0,0
2379.166667,0,0
2380,0,0
2380.833333,0,0
2381.666667,0,0
2382.5,0,0
2383.333333,0,0
2384.166667,0,0
2385,0,0
2385.833333,0,0
2386.666667,0,0
2387.5,0,0
2388.333333,0,0
2389.166667,0,0
2390,0,0
2390.833333,0,0
2391.666667,0,0
2392.5,0,0
2393.333333,0,0
2394.166667,0,0
2395,0,0
2395.833333,0,0
2396.666667,0,0
2397.5,0,0
2398.333333,0,0
2399.166667,0,0
